Date,HPrice,LPrice,CPrice,NTrade
20120104,329.6,327.01,328,24
20120105,332.3,329.6,332.3,12
20120106,335.59,333.53,333.53,24
20120109,331.79,328.79,331.79,38
20120110,332.92,331.3,331.79,26
20120111,337.78,337.78,337.78,2
20120112,338.18,338.18,338.18,10
20120113,337.35,337.24,337.35,10
20120116,339.19,336.13,338.35,24
20120117,341.57,339.9,341.57,8
20120118,341.7,339.13,341.55,14
20120119,343.1,342.53,343,66
20120120,341.99,339.79,341.99,12
20120130,356,354.37,355.52,28
20120131,357,355.63,356.99,46
20120201,357.19,356.52,356.77,14
20120202,358.92,358.92,358.92,4
20120203,359.74,359.5,359.73,8
20120206,359.74,359.5,355.18,8
20120207,355.18,352.89,352.89,8
20120208,358.21,355.59,357.35,10
20120209,358.21,355.59,356.96,10
20120210,358.21,355.59,355.41,10
20120213,358.21,355.59,354.71,10
20120214,358.21,355.59,352.79,10
20120215,352.5,352.5,352.5,2
20120216,351.89,351.89,351.89,2
20120217,355.56,351.51,351.51,20
20120220,355.59,355.56,355.59,4
20120221,355.41,355.33,355.41,6
20120222,359.3,359.08,359.3,4
20120223,362.9,362.48,362.9,4
20120224,363.33,363.33,363.33,2
20120227,362.98,362.32,362.32,4
20120228,362.5,361.19,361.19,4
20120229,365.7,364.4,365.33,16
20120301,353,352,352,10
20120302,352.95,352.31,352.95,10
20120305,352.95,352.31,350.82,10
20120306,352.95,352.31,350.82,10
20120307,352.95,352.31,350.82,10
20120308,352.95,352.31,350.82,10
20120309,352.95,352.31,354.36,10
20120312,352.95,352.31,354.36,10
20120313,348.57,348.57,348.57,2
20120314,344.5,344.35,344.35,16
20120315,344.5,344.35,344.35,0
20120316,343.96,340.88,342.73,44
20120319,343.13,341.89,342.8,34
20120320,342.8,340.1,340.1,14
20120321,341.25,339.94,340.01,14
20120322,340.59,339.96,339.96,4
20120323,339.82,338.51,338.51,14
20120326,344.32,342.05,342.32,56
20120327,347.77,347.03,347.5,28
20120328,345.89,344.23,344.23,12
20120329,341.34,340.99,341.19,14
20120330,342,341.33,341.6,30
20120405,334.26,333.39,334,38
20120406,335.42,334.8,334.8,30
20120409,337.89,336.58,336.84,46
20120410,339.1,338,338.85,34
20120411,339.44,339.02,339.44,6
20120412,339.85,339.83,339.85,6
20120413,343.38,343.2,343.2,4
20120416,343.38,343.2,338.5,4
20120417,337.5,335.92,335.93,11288
20120418,337.76,336.73,337.76,11250
20120419,335.46,334.68,335.27,6154
20120420,336.38,335.11,335.87,4744
20120423,336.08,335.16,335.7,3994
20120424,335.67,334.55,334.83,3852
20120425,336.3,335.68,335.98,3018
20120426,337.29,336.02,337.25,6252
20120427,338.51,337.31,337.46,5410
20120502,339.1,337.15,337.62,2926
20120503,337.69,335.15,335.15,2126
20120504,334.76,333.58,334,2114
20120507,334.96,332,334.51,2070
20120508,334.74,333.3,333.31,1286
20120509,328.17,325.31,325.89,2764
20120510,326.6,325.4,326.29,1314
20120511,325.71,323.85,324.15,1884
20120514,324.91,317.86,322.61,1372
20120515,319.88,316.59,318.47,1838
20120516,317.2,314.23,314.23,18
20120517,319,318.25,319,8
20120518,326.64,321.53,321.53,12
20120521,329.93,328.57,328.8,18
20120522,329.93,328.57,327.7,18
20120523,321.84,318.69,320.01,20
20120524,321.6,321.6,321.6,10
20120525,322.95,319.73,322.95,8
20120528,326.43,324.26,326.43,4
20120529,326.51,325.34,326.51,22
20120530,321.65,321.65,321.65,2
20120531,321.65,321.65,324.35,2
20120601,322.05,321.11,321.8,40
20120604,334.85,331,333.3,88
20120605,333.51,331.89,331.89,42
20120606,334.4,333,333.98,12
20120607,332.19,331.28,331.85,12
20120608,327.09,321,323.3,72
20120611,327.09,321,323.3,72
20120612,326.6,324.62,326.49,8
20120613,329.61,329.55,329.61,4
20120614,332.1,330.81,332.1,8
20120615,332.1,330.81,332.1,8
20120618,333.2,332.2,332.2,4
20120619,334,334,334,4
20120620,334,334,332.19,4
20120621,328.12,328.12,328.12,2
20120625,323.78,323.78,323.78,4
20120626,325.36,324.67,324.67,18
20120627,323.23,322.08,322.08,10
20120628,323.55,323.2,323.5,30
20120629,323,320.41,323,16
20120702,326.6,326.38,326.6,8
20120703,328.99,327.2,328.99,16
20120704,331.69,330.75,330.75,14
20120705,330.7,330.2,330.2,8
20120706,329.2,327.99,328,20
20120709,324.78,324.78,324.78,2
20120710,325.46,324.55,324.55,4
20120711,326.23,322.19,323.5,38
20120712,326.23,322.19,323.5,38
20120713,322.1,322.1,322.1,2
20120716,326.3,325.6,325.6,4
20120717,327.98,326.9,327.98,20
20120718,325.43,324.01,324.77,30
20120719,325.69,324.63,324.97,14
20120720,325.6,325,325.27,32
20120723,325.29,324.59,324.99,16
20120724,325.06,324.63,324.63,10
20120725,326.77,325.34,326.02,20
20120726,330.25,329.07,330.25,24
20120727,332.23,330.51,332.23,38
20120730,332.71,331.26,331.26,40
20120731,333.36,332.97,333.11,28
20120801,330.47,330.47,330.47,4
20120802,329,328.5,329,18
20120803,327.19,326.8,326.8,8
20120806,330.28,329.62,330.28,16
20120807,330.17,329.96,330.17,6
20120808,332.42,329.34,329.99,16
20120809,330.71,329.87,329.87,8
20120810,330.31,329.12,330.04,54
20120813,332.73,330.79,330.79,32
20120814,329.99,329.22,329.99,4
20120815,329.99,329.22,329.99,4
20120816,329.99,329.22,326.98,4
20120817,329.99,329.22,330.08,4
20120820,329.99,329.22,330.08,4
20120821,333.2,331.99,333.2,8
20120822,335.65,335.65,335.65,2
20120823,342.4,335.65,342.28,50
20120824,341.65,341.21,341.21,18
20120827,345.92,343.83,343.92,8
20120828,340.59,339.8,340.59,6
20120829,342.5,341.8,342.5,30
20120830,340.66,336.38,340.66,8
20120831,340.3,340.3,340.3,4
20120903,348.83,345.91,345.91,8
20120904,347.34,347.33,347.33,4
20120905,347.34,347.33,347.33,4
20120906,350,349,350,4
20120907,347.22,344.8,344.8,6
20120910,353.79,353.79,353.79,2
20120911,355,351.79,351.8,32
20120912,353.81,353.74,353.8,10
20120913,353.81,353.74,352,10
20120914,362.16,358.33,362.16,12
20120917,361.3,361.3,361.3,2
20120918,359.61,357.43,359.46,6
20120919,363.3,363.3,363.3,2
20120920,360.82,360.82,360.82,2
20120921,360.82,360.82,360.38,2
20120924,358.12,355.52,357.52,6
20120925,358.61,358.61,358.61,8
20120926,358.8,358.5,358.8,6
20120927,357.89,356.99,357.89,10
20120928,357.89,356.99,357.27,10
20121008,357.89,356.99,357.31,10
20121009,360.67,360,360.3,30
20121010,357.13,357.02,357.13,4
20121011,358,357.98,358,6
20121012,363.27,354.11,358.4,68
20121015,363.27,354.11,358.45,68
20121016,353.75,352.29,353.61,26182
20121017,356.08,354.75,354.8,29338
20121018,355.3,354.12,354.46,25400
20121019,353.3,350.53,351.67,30012
20121022,350.1,348.51,350.09,19380
20121023,350.68,349.02,349.7,27262
20121024,349.2,344.43,347.3,36934
20121025,348.33,345.8,347.7,41728
20121026,347.9,344.23,345,33532
20121029,348.4,346.54,347.57,32072
20121030,347.28,346.24,347.28,28720
20121031,347.83,346.85,347.27,20528
20121101,348.87,347.5,348.4,20214
20121102,347.35,343.18,345.11,12746
20121105,340.08,338.85,339.18,11842
20121106,341.01,339.6,340.82,7548
20121107,348.32,344.07,348.04,11538
20121108,348,345.5,346.5,6014
20121109,350,348.9,349.8,5104
20121112,350.5,348.4,348.61,2264
20121113,346.95,345.6,346.42,3574
20121114,356.48,346.42,347.6,4366
20121115,347.81,345.85,346.88,2756
20121116,346.75,346,346,200
20121119,348.49,347.8,348,54
20121120,350.21,349.59,349.61,54
20121121,347.9,347.9,347.9,2
20121122,349.83,348.77,348.77,72
20121123,348.8,348.39,348.64,54
20121126,352.18,350,350.38,180
20121127,352.58,350.82,350.92,114
20121128,348.97,347.33,348.27,86
20121129,345.39,344.08,345.13,100
20121130,348.58,345.28,346.84,334
20121203,344.66,343.1,344.66,78
20121204,343.43,340.04,341.57,82
20121205,342.39,339.74,342.39,54
20121206,340.87,339.02,339.42,44
20121207,342.32,341.33,341.85,40
20121210,342.97,341.85,342.88,20
20121211,342.76,342.29,342.4,52
20121212,343.42,342.83,343.4,16
20121213,341.56,339.56,340.27,34
20121214,341.49,340.3,341,56
20121217,341,338.96,339.56,82
20121218,344.93,343.61,344.93,18
20121219,339,337.39,338.79,14
20121220,338.39,336.97,337,26
20121221,332.52,332.52,332.52,2
20121224,332.52,332.52,335.07,2
20121225,336.02,333.2,335.12,12
20121226,336.02,333.2,334.75,12
20121227,336.02,333.2,334.75,12
20121228,337.45,335.95,336.65,12
20121231,335.47,333.93,335.29,92
20130104,331.93,331.28,331.93,4
20130107,334.69,333.24,333.62,10
20130108,331.89,331.49,331.59,40
20130109,333.61,333.61,333.61,6
20130110,333.7,332.49,333.7,26
20130111,335.97,335.97,335.97,2
20130114,334.4,333.88,334.02,8
20130115,335.08,334.91,335.08,24
20130116,338.75,337.49,337.49,10
20130117,338.75,337.49,338.28,10
20130118,339.5,338.17,338.93,58
20130121,339.84,338.61,339.03,94
20130122,340,339.54,340,10
20130123,340.5,340,340.22,24
20130124,338,338,338,4
20130125,335.78,334.92,335.78,16
20130128,335.08,334.01,334.31,28
20130129,336.1,335,336,16
20130130,337,336.06,337,38
20130131,339.15,339,339,6
20130201,335.82,333.94,335.82,18
20130204,335.82,335.82,335.82,6
20130205,337.16,337.16,337.16,2
20130206,337.2,337.2,337.2,2
20130207,337.2,337.2,337.2,2
20130208,337.2,337.2,337.2,2
20130218,327.36,326.08,326.85,14
20130219,328,327.23,327.66,8
20130220,327.23,321.21,327,6
20130221,319.92,319.92,319.92,2
20130222,322.53,321.56,321.77,14
20130225,322.53,321.56,322.46,14
20130226,324.13,321.9,321.9,6
20130227,325.08,325.08,325.08,2
20130228,325.08,325.08,321.79,2
20130301,322.15,321.89,322.15,12
20130304,322.15,321.89,318.18,12
20130305,322.15,321.89,318.18,12
20130306,322.15,321.89,318.28,12
20130307,322.15,321.89,318.28,12
20130308,322.15,321.89,318.28,12
20130311,322.15,321.89,318.68,12
20130312,322.15,321.89,318.68,12
20130313,322.15,321.89,318.68,12
20130314,320.98,320.97,320.97,8
20130315,320.98,320.97,320.97,8
20130318,322.78,322.26,322.26,4
20130319,322.78,322.26,322.52,4
20130320,325.47,325.47,325.47,2
20130321,324.59,324.59,324.59,8
20130322,324.59,324.59,324.59,8
20130325,324.59,323.64,323.64,8
20130326,323.57,323.57,323.57,2
20130327,323.57,323.57,323.08,2
20130328,322.59,322.59,322.59,4
20130329,320.72,320.6,320.72,22
20130401,322.86,320.62,322.86,66
20130402,323.23,321.62,322.38,26
20130403,314.04,314.04,314.04,2
20130408,318.84,316.62,317.77,52
20130409,316.91,316.91,316.91,6
20130410,318.47,317.3,318.32,62
20130411,313.76,312.37,312.49,20
20130412,312.6,312.6,312.6,10
20130415,312.6,312.6,312.6,10
20130416,277.3,275.03,276.38,74334
20130417,277.09,272.84,275.09,107104
20130418,276.42,264.59,275.78,157854
20130419,285.01,275.92,282.28,121000
20130422,284.6,282.38,282.7,82736
20130423,284.46,279.32,281.14,88074
20130424,285.98,282.03,284.8,59362
20130425,289.46,285.55,288.76,48300
20130426,298.88,293.97,294.68,50680
20130502,290.99,288.21,290.5,19938
20130503,294.77,292.1,294.75,16168
20130506,295.9,293.37,293.46,13348
20130507,293.38,289.88,289.93,17658
20130508,291.27,288.1,290.8,14130
20130509,294.41,292.36,292.69,8750
20130510,291.98,288.68,291.8,6368
20130513,288.13,285.6,286.05,15264
20130514,289.13,287.36,287.42,10098
20130515,286,282.43,282.7,8478
20130516,281.2,275.69,279.22,16
20130517,279.11,276.83,279.11,16
20130520,270.5,268.7,270.49,14
20130521,281.2,278.98,281.03,18
20130522,281.2,278.98,280.4,18
20130523,278,278,278,2
20130524,280.08,278.81,278.82,14
20130527,280.6,279.23,279.97,18
20130528,280.6,279.23,279.76,18
20130529,278.84,278.84,278.84,2
20130530,282.3,279.91,282.3,14
20130531,284.88,283.78,283.96,6
20130603,279.61,279.61,279.61,2
20130604,283.42,281.62,281.62,8
20130605,281.53,281.01,281.53,4
20130606,281.53,281.01,280.64,4
20130607,282.64,282.16,282.16,4
20130613,280.06,278.72,278.72,8
20130614,280.06,278.72,274.47,8
20130617,280.82,276.94,278.93,10
20130618,279.09,276.14,276.14,12
20130619,274,273.9,274,4
20130620,269.64,269.16,269.52,8
20130621,260.12,256,259.99,38
20130624,259.8,259.8,259.8,8
20130625,258.75,257.7,257.7,20
20130626,254.6,250.45,251.25,36
20130627,251.4,251,251.4,8
20130628,245.7,242.2,244.2,32
20130701,253.25,251.15,253.25,20
20130702,256.55,255.5,256.55,40
20130703,254,253.1,254,20
20130704,254.65,254.65,254.65,6
20130705,252.4,252.05,252.05,4
20130708,248.3,245.2,246.9,94
20130709,254.85,249.1,254.85,52
20130710,253.55,251.2,251.85,14
20130711,262.4,257.45,262.4,14
20130712,259.85,259.7,259.7,8
20130715,260.25,258.7,259.9,36
20130716,258.15,257.55,257.55,8
20130717,260.05,258.45,258.45,50
20130718,257.8,255.4,256.1,66
20130719,259.1,256.95,258.75,32
20130722,263.95,260,263.6,80
20130723,266.7,264.05,265.35,84
20130724,267.25,265.3,267.2,20
20130725,263.9,263.2,263.55,16
20130726,266.5,265.4,265.4,86
20130729,264.25,263.65,263.85,18
20130730,264.25,263.65,265.45,18
20130731,265.95,265.35,265.95,12
20130801,265.05,262.55,263.9,14
20130802,261.8,257,257,28
20130805,263.5,261.7,263,36
20130806,258.7,258.4,258.7,6
20130807,271.45,254.95,256.6,48
20130808,258.7,256.75,258.2,16
20130809,262.9,258.7,261.1,12
20130812,266.1,265.2,265.75,40
20130813,268.35,266.4,267.5,22
20130814,266.95,263.95,264.4,60
20130815,268.35,263.35,268.35,8
20130816,268.35,263.35,269.75,8
20130819,276.2,275.6,275.6,8
20130820,276.2,275.6,271.45,8
20130821,273.4,272.45,273.35,30
20130822,272.6,271.55,272,16
20130823,274.7,273.8,274.7,8
20130826,274.7,273.8,277.1,8
20130827,278.25,278,278,28
20130828,282.7,281.55,282.1,52
20130829,282.3,280.35,280.35,12
20130830,281.2,280.35,281.2,4
20130902,277.6,277.6,277.6,20
20130903,277.7,277.1,277.1,8
20130904,281.8,279.35,279.5,10
20130905,277,275,275.15,10
20130906,273,272.8,272.8,6
20130909,276.5,275.8,276.2,6
20130910,276.85,274,274.25,18
20130911,272.25,271.25,271.65,16
20130912,272.25,271.25,271.7,16
20130913,266.45,260.9,261,22
20130916,264,261.3,264,20
20130917,263.7,260.05,261.7,120
20130918,260,257.75,258.9,14
20130923,263,262.55,263,12
20130924,264.4,263.55,264.25,48
20130925,263.9,260.9,263.9,12
20130926,266.8,263.3,265.3,24
20130927,265.25,263.95,264.05,44
20130930,266.75,265.8,266.7,72
20131008,264.3,264.3,264.3,2
20131009,265,263,263.15,130
20131010,260.7,260.7,260.7,6
20131011,260.7,260.7,260.7,6
20131014,254.4,253,254.4,32
20131015,256.5,254.1,254.6,42
20131016,257.3,252.25,257.25,295954
20131017,257.35,254,254.7,364506
20131018,264.05,261.7,263.2,284092
20131021,263.25,261.5,262.95,178192
20131022,262.85,261.45,262.05,152296
20131023,266.85,264.15,265.1,226200
20131024,266,264.25,265.7,154532
20131025,266.6,264.4,264.6,194084
20131028,267,264.25,265.8,192716
20131029,267.5,265.55,266.25,216630
20131030,265.95,263.5,265.3,208898
20131031,267.75,262.35,263.25,248604
20131101,262.5,260.6,261.85,186812
20131104,260.65,258.7,260.05,186686
20131105,261.65,259.7,260.25,95418
20131106,261,258.65,259.7,134732
20131107,261.15,259.9,260.8,102206
20131108,261.5,256.5,259.2,199276
20131111,259.7,254.25,254.7,189744
20131112,254.45,252.65,253.65,84264
20131113,254.75,251.35,252.15,118566
20131114,255.2,251.6,254.45,122202
20131115,256.2,253.35,254.95,151866
20131118,255.85,254.5,255.6,430
20131119,254.85,252.45,253.3,430
20131120,253.85,253.2,253.8,522
20131121,252.9,248.65,248.85,884
20131122,249.15,247.6,248.7,620
20131125,249.45,245.8,245.9,424
20131126,249.95,245.35,249.65,624
20131127,248.95,247.65,247.7,518
20131128,249.05,245.4,246.4,558
20131129,247.55,246.05,246.3,520
20131202,248.65,246.5,247.25,556
20131203,246.05,243.2,243.5,804
20131204,244.35,242.9,243.2,670
20131205,247.6,242.45,245.4,1240
20131206,244.95,241.85,242.8,894
20131209,245.9,240.25,243.1,958
20131210,244.85,243.6,244.85,356
20131211,249,244.3,247,868
20131212,247.95,245.9,246.85,492
20131213,243.5,240.95,241.55,522
20131216,243.5,241.6,242.9,352
20131217,245.75,243.1,245.05,12
20131218,245.25,242.65,243.55,8
20131219,242,240.5,241,28
20131220,238.35,236.5,236.9,18
20131223,237.8,237.7,237.8,16
20131224,236.8,235.25,236.6,8
20131225,238.7,237,238.7,28
20131226,238.4,238.05,238.4,6
20131227,238.4,238.05,239.7,6
20131230,240.2,239.25,239.25,12
20131231,238.45,236.05,237.3,20
20140102,242.55,240.6,240.85,16
20140103,241.6,241.6,241.6,2
20140106,244.8,242.45,242.45,8
20140107,245.3,243.5,244.5,28
20140108,241.55,240.7,241.45,8
20140109,242,241.1,241.1,8
20140110,242.5,242.5,242.5,2
20140113,245.2,245.2,245.2,2
20140114,245.2,245.2,245.2,2
20140115,244.4,241.9,243,22
20140116,243.8,242.4,243.8,6
20140117,243.8,242.4,244.05,6
20140120,246.5,244.3,245.45,12
20140121,246.05,245.85,246.05,4
20140122,244.3,242.8,243.65,6
20140123,241.9,241.9,241.9,6
20140124,246.5,244.15,246.4,24
20140127,248.65,246.8,248.5,20
20140128,247.45,244.65,245.7,48
20140129,246.25,246.25,246.25,2
20140130,247.1,246.6,246.75,6
20140207,247.1,246,247.1,6
20140210,250.5,247.25,250.35,56
20140211,251.75,250.2,251.55,68
20140212,251.95,250.35,250.8,8
20140213,252.7,252.3,252.3,48
20140214,255.45,253.6,255.45,76
20140217,260.4,258,260.4,24
20140218,258.75,258.5,258.5,4
20140219,258.75,258.5,258.6,4
20140220,258.75,258.5,256.45,4
20140221,258.75,258.5,257.95,4
20140224,260.3,257.65,260.3,10
20140225,260.3,257.65,261.3,10
20140226,260.3,257.65,263.3,10
20140227,262.25,260.7,260.7,8
20140228,262.25,260.7,262.3,8
20140303,263.5,263.5,263.5,2
20140304,266.35,266.35,266.35,2
20140305,263.4,262.9,263,10
20140306,263.25,262.1,262.1,10
20140307,264.45,261.8,264.45,50
20140310,264.55,260.05,260.15,58
20140311,264.05,261.7,264.05,34
20140312,266.6,264.8,266.6,12
20140313,271.5,267.3,269.45,42
20140314,271.4,268.9,270.65,50
20140317,273.5,272.45,272.7,22
20140318,271.7,267.35,268.15,104
20140319,268.85,267,267.75,54
20140320,265.75,263.9,264.9,154
20140321,265.7,265,265,20
20140324,266.25,263.5,264.05,70
20140325,262.2,261.1,261.1,24
20140326,261.7,260.7,261.7,20
20140327,260.85,259.3,259.6,50
20140328,259.05,258.35,259,28
20140331,259.8,256.3,259.55,16
20140401,258.45,256.1,256.65,104
20140402,257.3,257.3,257.3,4
20140403,258.9,258.55,258.7,48
20140404,257.6,257.6,257.6,2
20140408,262.15,259.7,262.15,22
20140409,262.45,261.9,262.05,26
20140410,263.1,262.15,262.15,4
20140411,263.65,263.25,263.55,16
20140414,263.45,263.05,263.05,4
20140415,265.35,265.15,265.15,6
20140416,260.15,257.9,259.4,295286
20140417,260.35,258.5,258.6,152300
20140418,259.6,257.5,258.15,179980
20140421,258.7,255.05,256.3,126312
20140422,257.9,255.6,257.7,195600
20140423,257.45,255.25,256.9,195116
20140424,257.25,255.95,256.8,153280
20140425,268.95,254.35,258.75,337374
20140428,262.7,259.9,262.1,226426
20140429,262.25,259.85,259.95,186698
20140430,261.5,260.05,260.35,131958
20140505,263.5,262.3,263.3,47978
20140506,264.6,262.85,263.3,102980
20140507,263.3,261.95,262.65,92452
20140508,261.8,258.6,259.2,153474
20140509,259.75,258.25,259.25,108580
20140512,259.45,258.05,258.95,85860
20140513,261.65,259.7,259.75,55758
20140514,260.95,259.9,260.35,37046
20140515,262.85,260.65,261.25,34178
20140516,262.85,260.65,260.1,34178
20140519,262.85,260.65,260.1,34178
20140520,258.9,258.9,258.9,2
20140521,259.45,259.45,259.45,2
20140522,259.55,258.65,259.55,12
20140523,259.25,259.25,259.25,2
20140526,259.8,259.2,259.2,10
20140527,259.8,259.05,259.05,8
20140528,257.8,255,255.7,52
20140529,255.85,252.95,252.95,48
20140530,254.15,253.1,254.15,48
20140603,251.15,250.65,250.85,8
20140604,252,252,252,4
20140605,252.2,251.65,251.65,10
20140606,253.5,252.75,253.5,4
20140609,254.65,253.3,253.3,50
20140610,254.6,250.85,251.9,52
20140611,253.65,251.6,252.2,24
20140612,253.65,251.6,252.5,24
20140613,253.85,253.4,253.85,30
20140616,256,255.75,255.75,4
20140617,256.35,253.5,253.5,80
20140618,255.25,253.6,254.05,68
20140619,257.3,254.75,257.3,26
20140620,263.95,258,262.85,192
20140623,264.65,262.75,264,114
20140624,264.5,263.8,263.8,52
20140625,265.3,263.1,263.75,66
20140626,265,263.6,263.8,10
20140627,263.75,262.45,263.75,18
20140630,264.3,262.95,262.95,32
20140701,267.4,262.75,265,82
20140702,265.6,264.85,265.3,22
20140703,266.05,264,264.1,28
20140704,264.85,264,264.85,16
20140707,263.35,261.85,262.2,22
20140708,263.3,262.15,263.1,40
20140709,264,262.05,263.7,48
20140710,264,262.05,263.1,48
20140711,268,267.3,268,44
20140714,264.2,264.2,264.2,2
20140715,260.9,260.55,260.9,12
20140716,259.7,259.6,259.7,4
20140717,260.5,259.35,260.5,24
20140718,263.05,260.35,261.95,14
20140721,262.2,260.5,262.2,6
20140722,261.4,260.1,260.7,12
20140723,261.4,260.1,260.9,12
20140724,260.85,258.25,258.35,24
20140725,260.85,258.25,257.95,24
20140728,258.9,258.9,258.9,2
20140729,259.75,257.6,259.75,4
20140730,259.75,257.6,256.75,4
20140731,259.75,257.6,257.4,4
20140801,257.4,256,256,10
20140804,257.4,256,256.3,10
20140805,257.4,256,256.3,10
20140806,256.3,256.3,256.3,2
20140807,260.05,258.35,260.05,10
20140808,262.15,260.25,261.65,6
20140811,261.6,257.85,259.05,16
20140812,259.9,258.35,259.8,16
20140813,260.25,259.7,259.7,4
20140814,260.25,259.7,259.95,4
20140815,260.25,259.7,259.95,4
20140818,259.8,258.55,258.75,6
20140819,258.7,255.45,258.3,16
20140820,257.55,257.05,257.3,6
20140821,258.9,254.95,255.6,10
20140822,255.3,254.2,255.3,224
20140825,255.6,254.5,254.8,12
20140826,256.2,254.3,256.2,90
20140827,256.55,254.5,255,16
20140828,255.4,254.75,255.4,6
20140829,256,255.35,256,6
20140901,255,254.45,254.45,24
20140902,253.8,252,252,20
20140903,252,246.8,251,82
20140904,251.15,249.9,250,14
20140905,250.95,249.5,250.1,6
20140909,250.95,249.5,250.15,6
20140910,247.85,247.85,247.85,2
20140911,247.85,247.85,247.85,2
20140912,246.15,246.15,246.15,20
20140915,244.85,244.55,244.85,14
20140916,244.85,244.55,244.8,14
20140917,244.85,244.55,244.8,14
20140918,244.85,244.55,244.8,14
20140919,245.55,241.85,241.85,12
20140922,243.95,240.05,243.9,18
20140923,243.9,239.05,241.55,10
20140924,243,243,243,2
20140925,243,243,241.7,2
20140926,245.6,245.6,245.6,2
20140929,242.45,242.45,242.45,2
20140930,242.45,242.45,242.45,2
20141008,241.95,241.95,241.95,2
20141009,241.95,241.95,241.95,2
20141010,241.95,241.95,241.95,2
20141013,241.95,241.95,239.85,2
20141014,248.25,240.05,245.8,6
20141015,248.75,248.75,248.75,2
20141016,247.6,244.8,245.6,298144
20141017,246.45,245.05,245.8,163722
20141020,246.1,244.4,245.8,132482
20141021,247.3,246.1,247,117982
20141022,248.1,246.7,246.95,118338
20141023,246.7,245.4,245.95,110200
20141024,244.8,243.05,243.8,145710
20141027,244,243.15,243.2,86954
20141028,243.45,242.3,242.55,104240
20141029,244.15,242.7,242.95,103664
20141030,242.45,237.55,238.1,237888
20141031,238.5,232.45,233.45,327624
20141103,230.9,227.85,229.9,238672
20141104,230.35,229.05,229.9,115780
20141105,230.35,224.25,224.75,200158
20141106,226.05,223.3,225.2,172680
20141107,226.35,223.1,225.5,165850
20141110,233.15,225.6,231.25,208788
20141111,231,226.9,227.5,68220
20141112,231.45,227.95,230.95,71966
20141113,231.5,228.9,229.5,36934
20141114,230.95,227.05,228.3,49782
20141117,236.9,226.8,235.3,123374
20141118,235.75,234.3,235.1,140
20141119,237.1,235.45,235.9,82
20141120,236.9,232.55,234.6,80
20141121,236.05,234.75,235.95,62
20141124,239,236.5,237.85,174
20141125,238.5,237,238.2,94
20141126,238.55,236.1,237.75,90
20141127,237.9,236.2,237.2,96
20141128,237.05,235,235.3,136
20141201,235.9,227.1,228.75,324
20141202,240.75,232.95,238.75,554
20141203,238.7,236.6,238.05,208
20141204,241,238.6,239.05,182
20141205,240.85,237.55,238.65,254
20141208,239.4,228.55,236.35,212
20141209,239.2,235.05,239.2,94
20141210,247.4,241,245.7,430
20141211,246.25,243.2,243.3,206
20141212,245.15,242.05,243.25,140
20141215,244.3,241.75,243.3,124
20141216,243,237.85,238.55,414
20141217,242.4,236.15,238.65,152
20141218,240.3,238,240.2,120
20141219,241.5,239.5,240.55,44
20141222,240.95,240.3,240.45,32
20141223,238.75,236.3,237.3,30
20141224,237.2,235.65,237,46
20141225,240.5,236.25,236.25,20
20141226,238.25,236.4,237.75,34
20141229,240.6,239,240.05,46
20141230,239.65,238.35,238.65,20
20141231,242.85,240.35,240.6,36
20150105,240.1,238.6,240.1,24
20150106,242.75,240.25,242.75,136
20150107,244.65,241.55,243.6,260
20150108,243.95,242.25,242.8,88
20150109,244,242.75,243.5,76
20150112,246.8,243.25,246.65,44
20150113,247.9,244.25,247.25,56
20150114,248.5,245.1,246,88
20150115,248.1,245.45,245.8,32
20150116,253.05,251.05,252.55,32
20150119,253,252.7,252.7,4
20150120,257.55,255.8,257.55,4
20150121,262.1,256.5,259.75,44
20150122,260,258.7,258.85,14
20150123,262.2,259.55,260.4,10
20150126,262.5,258.35,262.5,12
20150127,258.4,257.35,257.35,8
20150128,260.05,260.05,260.05,2
20150129,260.05,260.05,258.7,2
20150130,260.05,260.05,253.15,2
20150202,260.05,260.05,253.15,2
20150203,260.05,260.05,253.15,2
20150204,260.05,260.05,252.4,2
20150205,260.05,260.05,254.25,2
20150206,257.55,256.35,257.55,4
20150209,249.2,249.2,249.2,2
20150210,249.2,249.2,249.2,2
20150211,249.9,248.55,249.9,40
20150212,247,246.95,247,8
20150213,247.65,245.55,247.65,8
20150216,250.3,248.05,249.15,22
20150217,249.4,248.1,248.35,24
20150225,244.9,244.15,244.15,4
20150226,244.85,243.65,244.85,20
20150227,245.25,244.6,245.15,60
20150302,248,246.5,248,16
20150303,246.3,244.6,245.55,24
20150304,245.5,244.35,245.5,14
20150305,244.8,244.05,244.6,14
20150306,244.8,244.05,244.45,14
20150309,239.65,237.35,238.3,40
20150310,236.7,235.95,236.7,26
20150311,236.75,236.2,236.75,6
20150312,235.35,234.3,235.35,10
20150313,235.35,234.3,234.55,10
20150316,236.5,235.1,236.5,14
20150317,236.8,235.2,235.2,90
20150318,236.55,232.15,234.8,24
20150319,238.9,232.5,238.6,24
20150320,237.7,235.55,237.35,94
20150323,240.5,238.25,240.5,16
20150324,240.25,239.7,239.75,62
20150325,242.2,239.9,240,32
20150326,243.45,241.1,243.45,24
20150327,242.95,241.5,241.75,20
20150330,240.1,240.1,240.1,26
20150331,239.2,236.1,237.1,14
20150401,237.95,237,237,20
20150402,241.7,237.6,240.85,14
20150403,240.85,239.55,240.6,12
20150407,242.95,242.15,242.95,16
20150408,243.4,240.95,242.3,24
20150409,243.4,240.95,239.5,24
20150410,251,237.55,238.85,16
20150413,241.8,240.8,240.8,22
20150414,241.3,239.95,239.95,14
20150415,239.2,239.2,239.2,2
20150416,242.6,239.8,241.75,162448
20150417,242.15,239.85,240.85,162154
20150420,242.9,240.95,242.75,141530
20150421,241.2,239.45,239.9,167564
20150422,241.65,240,241.2,139054
20150423,240.45,236.95,237.4,275116
20150424,239.4,237.2,238.9,156290
20150427,238.1,235.5,236.55,211312
20150428,242.5,237.35,240.75,264478
20150429,243.65,240.85,242.45,191776
20150430,243.15,240.5,241.2,179948
20150504,237.95,236,237.55,60848
20150505,240,237.65,238.5,107084
20150506,240.65,239,239.75,103940
20150507,240.25,237.35,237.45,106484
20150508,238.35,236.75,237.95,78760
20150511,239.3,237.7,238.05,80878
20150512,239.05,236.55,237.45,78586
20150513,240,238.3,239.45,73436
20150514,243.8,241.05,243.7,117572
20150515,244.7,242.9,243.65,79178
20150518,247.95,244.6,247.05,22
20150519,247.35,244.95,244.95,4
20150520,243.5,243.5,243.5,2
20150521,244,242,242.55,20
20150522,241.1,241.1,241.1,2
20150525,242.3,240.45,241.05,14
20150526,242.3,240.45,241.4,0
20150527,242.3,240.45,238.4,0
20150528,239.7,238.25,239.7,6
20150529,239.65,236.4,238.65,28
20150601,239.85,239.85,239.85,2
20150602,241.9,237.05,238,26
20150603,241.9,237.05,238.6,0
20150604,241.9,237.05,236.9,0
20150605,237.25,236.05,236.4,54
20150608,236.5,233.75,235.85,48
20150609,235.85,235.35,235.5,30
20150610,237.2,234.85,236.1,34
20150611,238.2,236.25,238.2,14
20150612,238.2,236.25,237.4,0
20150615,237.95,235.4,236.65,28
20150616,238.05,236.25,237.75,80
20150617,237.2,235.2,236,88
20150618,238.05,225.45,237.35,224
20150619,247.3,238.3,239.35,214
20150623,237.7,236.75,237,46
20150624,236.3,235.3,236,44
20150625,236,234.8,235.4,34
20150626,235.35,235,235.35,16
20150629,237.05,234.85,236.85,24
20150630,236.8,233.8,233.8,42
20150701,235.9,233.85,234.65,112
20150702,234.1,232.75,233.15,24
20150703,233.6,231.85,233.6,18
20150706,234.05,232.6,233.25,116
20150707,233.3,232,233.15,36
20150708,231.7,226.9,229,368
20150709,235,230.8,233.35,268
20150710,233.6,231.4,233.05,18
20150713,233.7,231.65,233,22
20150714,232.85,229.85,230.9,152
20150715,232.15,230.75,230.85,12
20150716,231.15,229.15,231.15,14
20150717,231.95,229.25,229.25,6
20150720,230.8,219.8,224.4,146
20150721,224.45,219.45,222.7,20
20150722,222.95,213.95,218.7,274
20150723,221.55,217.6,220.25,44
20150724,221.9,216.15,217.65,142
20150727,222.3,214.2,221.6,274
20150728,221,216.55,220.5,34
20150729,222.5,217.05,220.55,24
20150730,220.25,217.65,217.85,58
20150731,219.75,217.05,219.75,22
20150803,222,217.05,219.65,42
20150804,221.25,216.8,216.85,40
20150805,220.95,217.05,217.05,28
20150806,218.25,216.85,217.3,28
20150807,218,218,218,2
20150810,218,218,218.8,0
20150811,225.95,221.95,224.25,28
20150812,233.75,223.95,233.2,104
20150813,235.95,231.5,232.25,88
20150814,234.45,228.4,229.7,110
20150817,232.7,227.55,231.9,122
20150818,232.7,227.55,231,0
20150819,231.85,230.8,231.85,34
20150820,235.9,232.5,235.6,82
20150821,242.25,236.3,239.75,138
20150824,241.8,238.35,238.4,166
20150825,242.55,237.2,237.2,82
20150826,237.65,234.2,235.25,104
20150827,233.9,230.9,233.5,90
20150828,235.85,230.45,233.55,342
20150831,235.95,232.75,233.5,52
20150901,236.4,232.55,235.5,78
20150902,237.15,234,235.15,96
20150907,231.8,231.25,231.7,46
20150908,232.55,230.4,231.1,56
20150909,232.15,231.35,231.45,44
20150910,229.7,227.6,228.9,88
20150911,229.4,228.05,228.4,38
20150914,228.4,226.55,227.75,26
20150915,228.5,227.85,227.85,20
20150916,229.55,228.35,228.35,4
20150917,232.9,228.35,231.5,8
20150918,232.9,228.35,232.4,0
20150921,235,234.95,235,8
20150922,234.25,234.25,234.25,2
20150923,234.25,234.25,232,0
20150924,234.25,234.25,233.9,0
20150925,234.25,234.25,238.45,0
20150928,234.25,234.25,236.5,0
20150929,233.7,233.7,233.7,2
20150930,233.7,233.7,230.7,0
20151008,233.7,233.7,234.25,0
20151009,233.7,233.7,235.45,0
20151012,233.7,233.7,236.4,0
20151013,233.7,233.7,236.4,0
20151014,235.3,235.3,235.3,2
20151015,235.3,235.3,235.3,0
20151016,243.1,240.2,240.95,277960
20151019,242.4,239.6,240.2,219320
20151020,241.2,238.75,239.95,183632
20151021,241.55,239.55,240.2,215012
20151022,240.8,238.3,239.4,193706
20151023,241,238.4,240.9,197752
20151026,241.5,237.8,238.7,210274
20151027,239.9,238.5,238.95,127366
20151028,240.9,238.3,240.45,164766
20151029,242.9,237.15,237.75,301848
20151030,237.1,234.45,234.85,195092
20151102,233.95,232.25,233.5,139320
20151103,233.25,232.1,232.55,93756
20151104,231.85,228.2,229.25,144696
20151105,229.65,227.2,227.4,157222
20151106,228.2,226.85,227.8,111246
20151109,228.2,223.3,224.65,196986
20151110,225.15,223.65,224.8,103676
20151111,225.3,223.15,224.85,121004
20151112,224.65,223.35,224.05,77854
20151113,224.4,221.5,223.3,153540
20151116,226.4,222.8,226.15,109498
20151117,226.05,222.95,223.4,148
20151118,224.75,220.85,221.9,180
20151119,223.45,221.45,222.6,100
20151120,225.5,221.5,224.2,200
20151123,225.05,220,220.75,264
20151124,222.55,218.7,221.4,260
20151125,224.6,221.7,223.35,578
20151126,222.6,221.25,222,406
20151127,222.4,220.65,221.25,188
20151130,219.15,217.4,217.4,402
20151201,222.55,217.25,221.95,510
20151202,222.05,220.05,220.7,244
20151203,220.7,217,218.8,366
20151204,223.65,218.5,220.2,268
20151207,225.25,220.1,224.85,366
20151208,224.7,221.7,223,210
20151209,234.2,211.95,223.5,144
20151210,225.85,222.9,223.2,222
20151211,223.3,221.4,222.9,310
20151214,225.6,223.75,224.4,230
20151215,224.85,222.3,222.35,184
20151216,223.05,222,223.05,4
20151217,224.5,222.65,223.5,30
20151218,224.7,220.85,222.35,74
20151221,224.7,221.6,224.35,26
20151222,226.35,222.85,225.65,90
20151223,227.55,224.65,224.8,32
20151224,225.45,224.15,225.4,40
20151225,226.1,224.9,225.45,34
20151228,225.8,224.55,224.55,34
20151229,225.5,224.65,225.5,6
20151230,225.9,225,225.1,14
20151231,223.25,222.5,223,46
20160104,228.5,226.25,228.2,113736
20160105,230.4,229.3,230.3,76356
20160106,231.75,229.2,231.4,142294
20160107,237.4,233.05,236.65,255268
20160108,237.5,236.05,236.8,129368
20160111,237.75,236.65,237.5,127050
20160112,234.95,234.05,234.6,89316
20160113,232.85,232.2,232.25,71900
20160114,234.8,233.7,234.05,101130
20160115,232.8,231.6,232.65,85988
20160118,234.2,233.45,233.5,73542
20160119,233.8,232.55,233.2,89146
20160120,234.1,233.45,233.8,76202
20160121,236.45,235.4,236.25,86628
20160122,235.85,235.15,235.2,62648
20160125,235.95,235.2,235.8,64442
20160126,239.05,237.1,238.85,128336
20160127,240.1,239.2,239.35,91280
20160128,239.7,238.9,238.8,79836
20160129,238.85,238,238.3,76680
20160201,240.1,238.85,239.9,86576
20160202,241.35,240.6,240.55,61014
20160203,241.75,240.95,241.45,66734
20160204,244.2,243.3,243.95,89002
20160205,246.1,245.6,245.9,54872
20160215,258.5,255.75,256.15,182928
20160216,254.05,251.95,253.1,167708
20160217,255.3,253.15,255.05,140680
20160218,255.3,254.75,254.85,76392
20160219,258.9,257.95,257.95,138228
20160222,258.45,256.05,256.2,146630
20160223,257,255.25,256.3,131320
20160224,259.25,258.3,258.45,130734
20160225,261.75,260.3,261.5,186528
20160226,262.15,261.2,261.85,130384
20160229,259.8,258.45,259.4,195328
20160301,263.65,261.4,262.95,231516
20160302,260.45,259.25,259.85,193998
20160303,262.5,261.6,262.05,95246
20160304,265.95,264.55,265.6,181714
20160307,266.85,264.55,265.65,203106
20160308,267.75,266.15,266.7,224248
20160309,265.1,263.15,264.05,162672
20160310,263.55,261.85,261.9,139528
20160311,268.85,265.55,265.75,241736
20160314,263.4,262.3,262.45,155602
20160315,259.2,257.35,257.85,210158
20160316,259.55,258.2,259.45,98392
20160317,264.1,262.6,263.25,168180
20160318,264,262.7,263.4,128946
20160321,262.15,259.45,259.7,140914
20160322,261.45,260.2,261.4,88286
20160323,260.85,258.3,258.35,136508
20160324,256.25,255.2,255.15,117212
20160325,256.25,255.85,256.1,33212
20160328,255.55,254.25,255.05,111178
20160329,256.05,255.35,255.75,60752
20160330,259.8,258.4,258.6,84744
20160331,256.35,255.7,256.15,71932
20160401,257.45,256.4,257.2,76256
20160405,256.35,255,256.05,89470
20160406,257.2,256.4,256.75,53890
20160407,257.05,256.05,256.45,79068
20160408,258.5,257.85,258,84722
20160411,261.1,259.45,260.55,112800
20160412,262,261.05,261.8,66294
20160413,261.9,260.25,260.5,97904
20160414,258.5,257.25,257.8,119210
20160415,257.7,256.4,257.2,80630
20160418,258.7,257.4,257.35,92798
20160419,260,256.8,259.85,120582
20160420,262.45,259.95,260.65,144570
20160421,264.1,260.6,264,222618
20160422,262.1,260.15,260.6,106004
20160425,259.45,257.8,258.7,91304
20160426,259.7,258.35,258.1,87564
20160427,261.45,260.45,261.3,102208
20160428,262.75,259.55,262.25,167152
20160429,267.85,264.4,266.45,207034
20160503,271.65,269.2,271.5,144458
20160504,269.6,268.15,268.4,70780
20160505,268.95,268,268.05,53730
20160506,270.75,269.35,270.75,102744
20160509,271.85,269.9,270.05,141990
20160510,267.9,266.55,267.6,96924
20160511,269.45,267.85,268.9,108182
20160512,269.3,268.15,268.1,76320
20160513,270.1,267.55,270.1,126214
20160516,272.4,269.8,271.9,151748
20160517,271.2,269.95,270.05,99748
20160518,271.25,270.15,270.15,91166
20160519,268.6,266.05,265.95,172968
20160520,266.8,265.95,266.1,68332
20160523,266.45,264.95,265.45,101138
20160524,265.25,263.8,263.6,101820
20160525,261.35,259.6,259.7,122902
20160526,261.75,260.45,260.7,96630
20160527,259.95,257.45,259.5,142284
20160530,256.8,255.45,256.45,170226
20160531,259,257.7,258.95,119622
20160601,260.45,259.2,259.3,100984
20160602,259.7,258.25,259.65,77588
20160603,258.9,258.1,258.65,53548
20160606,264.5,264.05,264.4,84446
20160607,265.35,264.55,264.85,52472
20160608,266.7,264.85,266.55,90970
20160613,274.4,271.6,274.15,170964
20160614,273.95,272.85,273.35,72084
20160615,275.4,274.5,275.2,74398
20160616,280.4,277,279.8,218066
20160617,274.5,272.55,273.2,190196
20160620,274.2,273.1,273.75,113214
20160621,274.8,273,273.25,104578
20160622,271.1,269.1,269.55,109236
20160623,271.15,269.2,269.85,108722
20160624,283.35,270.7,282.3,839840
20160627,285.15,283.65,284.65,201534
20160628,284.6,283.1,283.35,134414
20160629,284.7,283.65,284.15,132760
20160630,283.7,282.8,283,100424
20160701,288.6,284.5,287.3,248918
20160704,293.7,290.3,292.15,351310
20160705,292.15,289.35,290.7,172700
20160706,297.7,296.1,296.7,240360
20160707,296.85,295.4,295.65,103766
20160708,293.75,292.75,292.8,102496
20160711,297,294.8,295,168512
20160712,294.1,293,293.6,102514
20160713,291,287.9,290.9,178782
20160714,291.85,288.7,288.8,143462
20160715,289.2,287.55,288.85,100416
20160718,288.9,287.35,288.15,126340
20160719,289.1,287.95,288.7,97988
20160720,289.5,287.8,287.6,114854
20160721,284.9,283.75,284.55,100648
20160722,288,285.95,286.3,109992
20160725,285.2,284.2,284.8,71332
20160726,286.25,284.55,285.2,83134
20160727,285.2,284.4,285.05,69118
20160728,289.5,288.55,289.3,52090
20160729,288.9,287.3,287.45,97774
20160905,287,285.8,286.65,61416
20160906,287,286.55,286.95,45506
20160907,291.7,290.55,290.95,83624
20160908,290.5,289.8,290.45,45252
20160909,289.15,288.65,288.7,45574
20160912,287.8,286.75,287.5,83616
20160913,288.1,287.4,287.45,61654
20160930,285.55,284.85,285.1,47804
20161010,274.2,272.5,273.95,71442
20161011,274.1,273.15,273.85,77338
20161012,273.6,273.1,273.3,49892
20161013,274.7,272.95,274.2,92030
20161014,274.05,273.35,273.35,54136
20161017,273.9,273,273.75,57888
20161018,275.4,274.1,275.2,86268
20161019,275.7,275.05,275.15,35432
20161020,277.7,276.7,277.35,73332
20161021,276.35,275.8,276.25,63366
20161024,277.4,276.6,277.05,76574
20161025,278.05,277.1,277.9,68374
20161026,279.9,279.05,279.25,92766
20161027,278.35,277.5,278.3,75384
20161028,278.9,278.15,278.5,71632
20161031,280.5,279.55,279.65,86656
20161101,280.75,279.6,280.3,60444
20161102,283.1,281.65,282.95,60752
20161103,284.4,283.3,283.75,64756
20161104,284.55,282.35,282.35,62258
20161107,282.8,281.65,281.9,60806
20161108,281.2,280.3,281.15,38698
20161109,289.9,279.15,288.8,325760
20161110,283.25,281.95,282.95,76358
20161111,279.7,276.25,278.65,70728
20161114,273.2,271,272.95,148250
20161115,276.4,275.15,275.95,90820
20161116,277.6,276.45,277.2,74598
20161117,277.2,276.35,276.5,55114
20161118,274.85,273.25,273.45,108924
20161121,275.6,274.05,275.45,93334
20161122,276.95,276,276.25,105566
20161123,276.9,275.9,276.6,80722
20161124,273.7,273,273.7,91180
20161125,272.7,268.85,271.4,184204
20161128,275.25,273.7,273.8,138976
20161129,274.4,272.65,272.75,103304
20161130,272.3,270.95,271.05,84722
20161201,269.5,267,269.25,159024
20161202,269.35,268.25,268.85,80632
20161205,270.65,268.5,268.75,120616
20161206,269.5,268,268.15,99236
20161207,268.35,267.6,267.7,86722
20161208,270.35,269.5,269.75,85106
20161209,269.55,268.55,269.4,75528
20161212,268.35,267.35,267.95,94310
20161213,269,268.25,268.25,64168
20161214,269.9,268.4,269.65,105902
20161215,267.65,266.2,266.9,171338
20161216,265.85,265.15,265.35,84404
20161219,266.95,266.05,266.65,78160
20161220,266.7,265.15,265.25,87636
20161221,265.45,262.85,264.85,99958
20161222,264.2,262.95,263.3,65648
20161223,264.1,263.45,263.55,58396
20161226,265.1,263.7,264.8,74968
20161227,266.1,264.5,266.1,101454
20161228,267.85,265.95,267.35,101458
20161229,269.1,267.75,268.8,134082
20161230,272.15,270.3,271.3,132318
20170103,271.15,269.7,269.75,128702
20170104,270.85,269.8,270.4,82340
20170105,269.8,268.95,269.5,115564
20170106,269.85,268.85,268.85,104148
20170109,269.95,269.55,269.75,52286
20170110,272.1,270.85,271.5,101018
20170111,272.15,271.55,271.85,66100
20170112,272.55,271.6,272.25,101510
20170113,271.4,270.6,271.25,76366
20170116,273.45,271.3,272.95,109760
20170117,274.9,272.7,274.6,114522
20170118,274.85,273.05,273.5,88484
20170119,272.15,270.35,270.7,106664
20170120,271.75,271.2,271.35,69288
20170123,273.7,272.85,272.75,75602
20170124,273,272.35,272.35,49770
20170125,271.3,268.6,269.65,89374
20170126,268.55,267.65,267.55,49634
20170203,258.8,257.4,264.25,0
20170206,258.8,257.4,264.25,0
20170207,275.85,264.25,275.85,16
20170208,275.85,264.25,270,0
20170209,275.85,264.25,270,0
20170210,270.7,270.7,270.7,2
20170213,270.7,270.7,270.7,0
20170214,270.7,270.7,270.7,0
20170215,270.7,270.7,270.7,0
20170216,275.05,272.15,274.9,18
20170217,275.2,275,275.2,8
20170220,276.25,274.7,275.15,66
20170221,276.3,274.65,275.55,50
20170222,276.3,274.65,275.15,0
20170223,276.4,276.05,276.4,8
20170224,279.15,277.6,278.75,282
20170227,280.25,279.25,280.25,20
20170228,279.85,279,279.5,18
20170301,279.5,279.5,279.5,8
20170302,277.95,276.7,277.95,6
20170303,277.2,275.3,275.75,48
20170306,275.85,275.6,275.75,8
20170307,275.8,275.8,275.8,2
20170308,274.4,273.25,273.4,18
20170309,274.4,273.25,273.65,0
20170310,270.05,269.1,269.65,102
20170313,272.1,270.25,272.1,16
20170314,271.35,271.3,271.35,8
20170315,271.15,270.25,270.7,24
20170316,277.75,271.95,276.2,40
20170317,278.25,275.8,276.1,20
20170320,277.45,276.6,276.7,20
20170321,277.45,276.6,276.7,0
20170322,280.85,278.6,279.65,60
20170323,280.85,278.6,279.55,0
20170324,280.85,278.6,279.55,0
20170327,283,280.45,280.45,64
20170328,281.5,280.9,280.9,22
20170329,281.4,279.35,280.1,32
20170330,280.85,279.75,279.75,4
20170331,280.9,279.95,279.95,14
20170403,280.9,279.95,279.95,14
20170405,280.9,279.95,280.7,0
20170406,281.6,280.6,280.6,4
20170407,284.65,283.65,284.15,10
20170410,281.7,281.6,281.7,12
20170411,282.5,281.15,281.4,20
20170412,286.65,285,285.05,14
20170413,286.65,285,286.15,0
20170414,287.15,286.75,286.9,8
20170417,289.6,288.2,288.2,6
20170418,287.9,285.8,286.45,194112
20170419,287.7,285.2,286.3,250222
20170420,286.75,284.75,286.1,216358
20170421,286.35,285.25,285.9,170642
20170424,287.95,283.5,283.9,310052
20170425,284.4,282.95,283.9,166292
20170426,283.55,282.15,282.45,183112
20170427,283.55,282.05,282.85,154594
20170428,283.25,282.3,283.2,129946
20170502,281.45,280.5,280.75,88702
20170503,280.7,279.7,280.2,67824
20170504,280.2,275.4,276.25,149004
20170505,276.55,274.1,275.75,105704
20170508,276.1,275,275.4,68168
20170509,276.3,274.55,275.35,50856
20170510,274.5,272.4,274.1,38072
